Priority,Cluster,Working title,Primary search intent,Funnel stage,Recommended publish month,Supporting image,Links to
1,Turf,Natural vs Synthetic Turf in Melbourne: Which Is Right for Your Property?,Compare turf types,Consideration,1,synthetic-turf-backyard-detail-01.jpg,Natural turf and synthetic turf service pages
2,Turf,What Is the Best Time of Year to Lay Turf in Melbourne?,Choose installation timing,Consideration,1,natural-turf-backyard-installation-in-progress.jpg,Natural turf service page
3,Planning,How to Plan a Complete Landscaping Project Without Wasting Your Budget,Plan a landscape renovation,Consideration,2,front-yard-landscaping-after.jpg,Custom landscaping service page
4,Hardscape,Pavers vs Stepping Stones: Which Is Better for Your Garden Path?,Compare path materials,Consideration,2,side-yard-stepping-stone-path-climbing-flowers.jpg,Pavers and stepping stones page
5,Turf,Why New Turf Fails: Soil Drainage Installation and Aftercare,Prevent turf problems,Awareness,3,natural-turf-rose-garden-installation.jpg,Turf installation page
6,Garden design,Low-Maintenance Landscaping Ideas for Melbourne Homes,Reduce garden upkeep,Consideration,3,low-maintenance-front-garden-pebbles-plants.jpg,Garden design and property care pages
7,Retaining walls,Does Your Melbourne Yard Need a Retaining Wall?,Understand retaining wall need,Consideration,4,curved-stone-retaining-wall-front-garden.jpg,Retaining walls page
8,Garden design,Small Backyard Landscaping Ideas That Make Better Use of Space,Improve a small yard,Consideration,4,paver-courtyard-fire-pit-landscaping.jpg,Garden design page
9,Turf,Turf Repair or Full Lawn Replacement: How to Decide,Compare repair and replacement,Consideration,5,curved-synthetic-turf-lawn-rock-border.jpg,Turf repair and turf installation pages
10,Softscape,How to Choose Plants and Mulch for a Melbourne Garden,Choose planting and mulch,Consideration,5,natural-turf-front-yard-flower-border.jpg,Plants and mulch page
11,Commercial,Commercial Landscaping Scope Checklist for Melbourne Properties,Prepare a commercial brief,Decision,6,acreage-lawn-stepping-stone-path-landscaping.jpg,Commercial landscaping and quote pages
12,Property care,How to Look After a Newly Landscaped Garden,Maintain a new landscape,Post-purchase,6,vegetable-garden-natural-turf-stepping-stones.jpg,Property maintenance page
13,Turf,How Much Water Does New Turf Need in Melbourne?,New turf watering,Post-purchase,7,natural-turf-backyard-installation-in-progress.jpg,Natural turf page
14,Turf,Pet-Friendly Turf: Natural or Synthetic?,Choose turf for pets,Consideration,7,synthetic-turf-backyard-detail-02.jpg,Turf comparison article
15,Turf,Choosing Turf for Children and Family Backyards,Choose family lawn,Consideration,7,synthetic-turf-backyard-installation.png,Turf service pages
16,Hardscape,Timber Decking vs Paved Patio: Which Suits Your Backyard?,Compare outdoor surfaces,Consideration,8,stone-paver-patio-pergola-landscaping.jpg,Timber and decking and paving pages
17,Features,Garden Lighting Ideas for Paths Steps and Entertaining Areas,Plan landscape lighting,Consideration,8,landscape-lighting-stepping-stone-path.jpg,Landscaping features page
18,Garden design,How to Landscape a Narrow Side Yard,Improve side access,Consideration,8,synthetic-turf-side-yard.jpg,Garden design and stepping stones pages
19,Planning,Landscaping Before Selling: Improvements Buyers Notice,Improve street appeal,Consideration,9,front-yard-after-landscaping-turf-mulch-path.jpg,Custom landscaping page
20,Planning,How to Set a Landscaping Budget Without Cutting the Important Work,Budget for landscaping,Decision,9,front-yard-landscaping-before.jpg,Project planning article and quote page
21,Softscape,Native and Water-Wise Planting Ideas for Melbourne Gardens,Choose resilient plants,Consideration,9,raised-garden-beds-grey-blocks.jpg,Plants and mulch page
22,Property care,Signs Your Garden Irrigation System Needs Repair,Diagnose irrigation faults,Decision,10,vegetable-garden-natural-turf-stepping-stones.jpg,Irrigation repairs page
23,Property care,A Practical Seasonal Lawn Care Calendar for Melbourne,Plan lawn care,Post-purchase,10,natural-turf-front-yard-flower-border.jpg,Lawn mowing and garden care pages
24,Property care,When to Trim Hedges and Prune Garden Plants in Melbourne,Plan pruning,Awareness,10,front-garden-pergola-stepping-stones-wide.png,Hedge trimming page
25,Property care,Weed Control in Lawns and Garden Beds: What Actually Works?,Control garden weeds,Awareness,11,black-white-pebble-front-garden-01.jpg,Weed control page
26,Commercial,One-Off Commercial Landscaping vs Ongoing Property Maintenance,Compare commercial engagement,Decision,11,acreage-lawn-stepping-stone-path-landscaping.jpg,Commercial services page
27,Commercial,What Property Managers Should Ask a Landscaping Contractor,Select a contractor,Decision,11,front-yard-landscaping-after.jpg,Commercial quote page
28,Retaining walls,Timber vs Masonry Retaining Walls: What Changes the Decision?,Compare wall materials,Consideration,12,timber-retaining-wall-front-yard-after.jpg,Retaining walls page
29,Hardscape,How Proper Base Preparation Helps Pavers Stay Level,Understand paving quality,Consideration,12,stone-paver-patio-pergola-landscaping.jpg,Pavers page
30,Features,Outdoor Water Features: Placement Maintenance and Practical Considerations,Plan a water feature,Consideration,12,curved-stone-retaining-wall-front-garden.jpg,Landscaping features page
31,Planning,What Happens During a Landscaping Site Consultation?,Understand consultation,Decision,13,front-garden-before-landscaping.jpg,Process and quote pages
32,Planning,Landscape Drainage Basics for Melbourne Homes,Understand yard drainage,Awareness,13,front-yard-landscaping-before.jpg,Custom landscaping page
33,Garden design,Front Garden Landscaping Ideas for Modern Melbourne Homes,Improve front garden,Consideration,14,front-yard-after-landscaping-turf-mulch-path.jpg,Garden design page
34,Garden design,How to Combine Turf Paving Planting and Lighting in One Design,Plan full landscape,Consideration,14,front-garden-pergola-stepping-stones-01.jpg,Complete transformations page
35,Softscape,Mulch Types Explained: Appearance Moisture and Maintenance,Compare mulch,Consideration,15,black-white-pebble-front-garden-02.jpg,Plants and mulch page
36,Proof,Before-and-After Landscaping: How to Judge More Than the Finished Photo,Evaluate workmanship,Decision,15,front-yard-landscaping-before.jpg,Projects page
